title,link,description
Sigma Line Shampoo (200 ML) - Pure Beauty & PANDHY´S ...,https://www.pure-beauty.shop/produkt/sigma-line-shampoo/,"Es hydratisiert und pflegt das Haar und die Kopfhaut, und reguliert ihre Talgproduktion. Statt auf Seifentensiden, basiert dieses Shampoo auf haut- und ..."
PANDHY'S™ Sigma Line Shampoo (200 ml / 6.76 fl. oz),https://pandhys.com/product/pandhys-sigma-line-shampoo-200-ml-6-76-fl-oz/,"It is a sugar tensid based shampoo with caffeine content, enriched with fermented rice water and minerals, and our special pre and postbiotic complex. Suitable ..."
HAIR SHAMPOO - Sigma Detergent,https://www.sigmadetergent.com/en/hair-shampoo/,HAIR SHAMPOO. قدم اطلب خدمة HAIR SHAMPOO فورا. قدم طلبك الان. اسم. اسم ... Sigma is the official sponsor of DETEX 2022. Sigma is the official sponsor of ...
PANDHY'S SigmaLine Shampoo - - TERRA•NADA,https://terranada.com/product/pandhys-sigma-line-shampoo-200-ml/,"Es hydratisiert und pflegt das Haar und die Kopfhaut, und reguliert ihre Talgproduktion. Statt auf Seifentensiden, basiert dieses Shampoo auf haut- und ..."
Thickening Shampoo,https://sigmagrooming.com/products/anti-thinning-shampoo,"Infused with Biotin, Caffeine, Vitamin E, and 8 Essential Oils to gently cleanse the scalp and hair while also stimulating new hair growth. Naturally scented ..."
HAIR SHAMPOO 1800 ML - Sigma Detergent,https://www.sigmadetergent.com/en/merci-shampoo-1800-ml/,"Merci hair shampoo gives your hair the look you want. How to use: Apply a little shampoo to your wet hair and form a rich lather, then rinse with water."
Sigma Beauty SigMagic™ Shampoo zur Reinigung von ...,https://www.notino.ch/sigma-beauty/sigmagic-shampoo-zur-reinigung-von-kosmetikpinseln/,Eigenschaften: reinigt gründlich Pinsel; desinfiziert; entfernt Make-up-Reste aus dem Pinsel. Anwendung: Lassen Sie warmes Wasser auf den Pinsel laufen und ...
SigmaLine Shampoo 200 ml,https://kosmetik-esthetika.de/product/sigmaline-shampoo-200ml/,"Es hydratisiert und pflegt das Haar und die Kopfhaut, und reguliert ihre Talgproduktion. Statt auf Seifentensiden, basiert dieses Shampoo auf haut- und ..."
SigMagic™ Brushampoo™ - Brush Cleaning Shampoo,https://beautypalast.ch/en/shop/product/6609/151/Brush%20Cleaning%20Shampoo%20-%20SigMagic%E2%84%A2%20Brushampoo%E2%84%A2,Sigma Beauty® Brush Cleaning Shampoo - SigMagic™ Brushampoo™. Star 5.00(1 Rating). Free shipping. More product information. CHF 22.90.
SIGMAGIC® Brushampoo™ Foam,https://www.monolith-shop.com/products/sigma-sigmagic-brushampoo-foam?variant=43242490921186&country=CH&currency=CHF&srsltid=AfmBOoqccx0ptkRO6GP_OZwUbIqIbgIKQ0k8NUqiApjzF2Z7Uk6MPTRB,Mit diesem natürlichen Pinselreiniger können Sie sich das Schäumen sparen! Reinigen Sie Ihre Pinsel schnell und gründlich mit dieser Schaumformel für eine ...
